row_id,dname_drug1,dname_drug2,cell_line_name,disease_cui
0,5-Fluorouracil,Bortezomib,HT29,C0338106
1,5-Fluorouracil,Bortezomib,HT29,C0338106
2,5-Fluorouracil,Bortezomib,HT29,C0338106
3,5-Fluorouracil,Bortezomib,HT29,C0338106
4,5-Fluorouracil,Dasatinib,HT29,C0338106
5,5-Fluorouracil,Dasatinib,HT29,C0338106
6,5-Fluorouracil,Dasatinib,HT29,C0338106
7,5-Fluorouracil,Dasatinib,HT29,C0338106
8,5-Fluorouracil,Erlotinib,HT29,C0338106
9,5-Fluorouracil,Erlotinib,HT29,C0338106
10,5-Fluorouracil,Erlotinib,HT29,C0338106
11,5-Fluorouracil,Erlotinib,HT29,C0338106
12,5-Fluorouracil,Lapatinib,HT29,C0338106
13,5-Fluorouracil,Lapatinib,HT29,C0338106
14,5-Fluorouracil,Lapatinib,HT29,C0338106
15,5-Fluorouracil,Lapatinib,HT29,C0338106
16,5-Fluorouracil,Sorafenib,HT29,C0338106
17,5-Fluorouracil,Sorafenib,HT29,C0338106
18,5-Fluorouracil,Sorafenib,HT29,C0338106
19,5-Fluorouracil,Sorafenib,HT29,C0338106
20,5-Fluorouracil,Sunitinib,HT29,C0338106
21,5-Fluorouracil,Sunitinib,HT29,C0338106
22,5-Fluorouracil,Sunitinib,HT29,C0338106
23,5-Fluorouracil,Sunitinib,HT29,C0338106
24,5-Fluorouracil,Vorinostat,HT29,C0338106
25,5-Fluorouracil,Vorinostat,HT29,C0338106
26,5-Fluorouracil,Vorinostat,HT29,C0338106
27,5-Fluorouracil,Vorinostat,HT29,C0338106
28,Bortezomib,Dasatinib,HT29,C0338106
29,Bortezomib,Dasatinib,HT29,C0338106
30,Bortezomib,Dasatinib,HT29,C0338106
31,Bortezomib,Dasatinib,HT29,C0338106
32,Bortezomib,Sorafenib,HT29,C0338106
33,Bortezomib,Sorafenib,HT29,C0338106
34,Bortezomib,Sorafenib,HT29,C0338106
35,Bortezomib,Sorafenib,HT29,C0338106
36,Dasatinib,Sorafenib,HT29,C0338106
37,Dasatinib,Sorafenib,HT29,C0338106
38,Dasatinib,Sorafenib,HT29,C0338106
39,Dasatinib,Sorafenib,HT29,C0338106
40,doxorubicin,Bortezomib,HT29,C0338106
41,doxorubicin,Bortezomib,HT29,C0338106
42,doxorubicin,Bortezomib,HT29,C0338106
43,doxorubicin,Bortezomib,HT29,C0338106
44,doxorubicin,Dasatinib,HT29,C0338106
45,doxorubicin,Dasatinib,HT29,C0338106
46,doxorubicin,Dasatinib,HT29,C0338106
47,doxorubicin,Dasatinib,HT29,C0338106
48,doxorubicin,Erlotinib,HT29,C0338106
49,doxorubicin,Erlotinib,HT29,C0338106
50,doxorubicin,Erlotinib,HT29,C0338106
51,doxorubicin,Erlotinib,HT29,C0338106
52,doxorubicin,Lapatinib,HT29,C0338106
53,doxorubicin,Lapatinib,HT29,C0338106
54,doxorubicin,Lapatinib,HT29,C0338106
55,doxorubicin,Lapatinib,HT29,C0338106
56,doxorubicin,Sorafenib,HT29,C0338106
57,doxorubicin,Sorafenib,HT29,C0338106
58,doxorubicin,Sorafenib,HT29,C0338106
59,doxorubicin,Sorafenib,HT29,C0338106
60,doxorubicin,Sunitinib,HT29,C0338106
61,doxorubicin,Sunitinib,HT29,C0338106
62,doxorubicin,Sunitinib,HT29,C0338106
63,doxorubicin,Sunitinib,HT29,C0338106
64,doxorubicin,Vorinostat,HT29,C0338106
65,doxorubicin,Vorinostat,HT29,C0338106
66,doxorubicin,Vorinostat,HT29,C0338106
67,doxorubicin,Vorinostat,HT29,C0338106
68,Erlotinib,Bortezomib,HT29,C0338106
69,Erlotinib,Bortezomib,HT29,C0338106
70,Erlotinib,Bortezomib,HT29,C0338106
71,Erlotinib,Bortezomib,HT29,C0338106
72,Erlotinib,Dasatinib,HT29,C0338106
73,Erlotinib,Dasatinib,HT29,C0338106
74,Erlotinib,Dasatinib,HT29,C0338106
75,Erlotinib,Dasatinib,HT29,C0338106
76,Erlotinib,Sorafenib,HT29,C0338106
77,Erlotinib,Sorafenib,HT29,C0338106
78,Erlotinib,Sorafenib,HT29,C0338106
79,Erlotinib,Sorafenib,HT29,C0338106
80,etoposide,Bortezomib,HT29,C0338106
81,etoposide,Bortezomib,HT29,C0338106
82,etoposide,Bortezomib,HT29,C0338106
83,etoposide,Bortezomib,HT29,C0338106
84,etoposide,Dasatinib,HT29,C0338106
85,etoposide,Dasatinib,HT29,C0338106
86,etoposide,Dasatinib,HT29,C0338106
87,etoposide,Dasatinib,HT29,C0338106
88,etoposide,Erlotinib,HT29,C0338106
89,etoposide,Erlotinib,HT29,C0338106
90,etoposide,Erlotinib,HT29,C0338106
91,etoposide,Erlotinib,HT29,C0338106
92,etoposide,Lapatinib,HT29,C0338106
93,etoposide,Lapatinib,HT29,C0338106
94,etoposide,Lapatinib,HT29,C0338106
95,etoposide,Lapatinib,HT29,C0338106
96,etoposide,Sorafenib,HT29,C0338106
97,etoposide,Sorafenib,HT29,C0338106
98,etoposide,Sorafenib,HT29,C0338106
99,etoposide,Sorafenib,HT29,C0338106
100,etoposide,Sunitinib,HT29,C0338106
101,etoposide,Sunitinib,HT29,C0338106
102,etoposide,Sunitinib,HT29,C0338106
103,etoposide,Sunitinib,HT29,C0338106
104,etoposide,Vorinostat,HT29,C0338106
105,etoposide,Vorinostat,HT29,C0338106
106,etoposide,Vorinostat,HT29,C0338106
107,etoposide,Vorinostat,HT29,C0338106
108,gemcitabine,Bortezomib,HT29,C0338106
109,gemcitabine,Bortezomib,HT29,C0338106
110,gemcitabine,Bortezomib,HT29,C0338106
111,gemcitabine,Bortezomib,HT29,C0338106
112,gemcitabine,Dasatinib,HT29,C0338106
113,gemcitabine,Dasatinib,HT29,C0338106
114,gemcitabine,Dasatinib,HT29,C0338106
115,gemcitabine,Dasatinib,HT29,C0338106
116,gemcitabine,Erlotinib,HT29,C0338106
117,gemcitabine,Erlotinib,HT29,C0338106
118,gemcitabine,Erlotinib,HT29,C0338106
119,gemcitabine,Erlotinib,HT29,C0338106
120,gemcitabine,Lapatinib,HT29,C0338106
121,gemcitabine,Lapatinib,HT29,C0338106
122,gemcitabine,Lapatinib,HT29,C0338106
123,gemcitabine,Lapatinib,HT29,C0338106
124,gemcitabine,Sorafenib,HT29,C0338106
125,gemcitabine,Sorafenib,HT29,C0338106
126,gemcitabine,Sorafenib,HT29,C0338106
127,gemcitabine,Sorafenib,HT29,C0338106
128,gemcitabine,Sunitinib,HT29,C0338106
129,gemcitabine,Sunitinib,HT29,C0338106
130,gemcitabine,Sunitinib,HT29,C0338106
131,gemcitabine,Sunitinib,HT29,C0338106
132,Lapatinib,Bortezomib,HT29,C0338106
133,Lapatinib,Bortezomib,HT29,C0338106
134,Lapatinib,Bortezomib,HT29,C0338106
135,Lapatinib,Bortezomib,HT29,C0338106
136,Lapatinib,Dasatinib,HT29,C0338106
137,Lapatinib,Dasatinib,HT29,C0338106
138,Lapatinib,Dasatinib,HT29,C0338106
139,Lapatinib,Dasatinib,HT29,C0338106
140,Lapatinib,Erlotinib,HT29,C0338106
141,Lapatinib,Erlotinib,HT29,C0338106
142,Lapatinib,Erlotinib,HT29,C0338106
143,Lapatinib,Erlotinib,HT29,C0338106
144,Lapatinib,Sorafenib,HT29,C0338106
145,Lapatinib,Sorafenib,HT29,C0338106
146,Lapatinib,Sorafenib,HT29,C0338106
147,Lapatinib,Sorafenib,HT29,C0338106
148,metformin,Bortezomib,HT29,C0338106
149,metformin,Bortezomib,HT29,C0338106
150,metformin,Bortezomib,HT29,C0338106
151,metformin,Bortezomib,HT29,C0338106
152,metformin,Dasatinib,HT29,C0338106
153,metformin,Dasatinib,HT29,C0338106
154,metformin,Dasatinib,HT29,C0338106
155,metformin,Dasatinib,HT29,C0338106
156,metformin,Erlotinib,HT29,C0338106
157,metformin,Erlotinib,HT29,C0338106
158,metformin,Erlotinib,HT29,C0338106
159,metformin,Erlotinib,HT29,C0338106
160,metformin,Lapatinib,HT29,C0338106
161,metformin,Lapatinib,HT29,C0338106
162,metformin,Lapatinib,HT29,C0338106
163,metformin,Lapatinib,HT29,C0338106
164,metformin,Sorafenib,HT29,C0338106
165,metformin,Sorafenib,HT29,C0338106
166,metformin,Sorafenib,HT29,C0338106
167,metformin,Sorafenib,HT29,C0338106
168,metformin,Sunitinib,HT29,C0338106
169,metformin,Sunitinib,HT29,C0338106
170,metformin,Sunitinib,HT29,C0338106
171,metformin,Sunitinib,HT29,C0338106
172,metformin,Vorinostat,HT29,C0338106
173,metformin,Vorinostat,HT29,C0338106
174,metformin,Vorinostat,HT29,C0338106
175,metformin,Vorinostat,HT29,C0338106
176,Sunitinib,Bortezomib,HT29,C0338106
177,Sunitinib,Bortezomib,HT29,C0338106
178,Sunitinib,Bortezomib,HT29,C0338106
179,Sunitinib,Bortezomib,HT29,C0338106
180,Sunitinib,Dasatinib,HT29,C0338106
181,Sunitinib,Dasatinib,HT29,C0338106
182,Sunitinib,Dasatinib,HT29,C0338106
183,Sunitinib,Dasatinib,HT29,C0338106
184,Sunitinib,Erlotinib,HT29,C0338106
185,Sunitinib,Erlotinib,HT29,C0338106
186,Sunitinib,Erlotinib,HT29,C0338106
187,Sunitinib,Erlotinib,HT29,C0338106
188,Sunitinib,Lapatinib,HT29,C0338106
189,Sunitinib,Lapatinib,HT29,C0338106
190,Sunitinib,Lapatinib,HT29,C0338106
191,Sunitinib,Lapatinib,HT29,C0338106
192,Sunitinib,Sorafenib,HT29,C0338106
193,Sunitinib,Sorafenib,HT29,C0338106
194,Sunitinib,Sorafenib,HT29,C0338106
195,Sunitinib,Sorafenib,HT29,C0338106
196,Vorinostat,Bortezomib,HT29,C0338106
197,Vorinostat,Bortezomib,HT29,C0338106
198,Vorinostat,Bortezomib,HT29,C0338106
199,Vorinostat,Bortezomib,HT29,C0338106
200,Vorinostat,Dasatinib,HT29,C0338106
201,Vorinostat,Dasatinib,HT29,C0338106
202,Vorinostat,Dasatinib,HT29,C0338106
203,Vorinostat,Dasatinib,HT29,C0338106
204,Vorinostat,Erlotinib,HT29,C0338106
205,Vorinostat,Erlotinib,HT29,C0338106
206,Vorinostat,Erlotinib,HT29,C0338106
207,Vorinostat,Erlotinib,HT29,C0338106
208,Vorinostat,gemcitabine,HT29,C0338106
209,Vorinostat,gemcitabine,HT29,C0338106
210,Vorinostat,gemcitabine,HT29,C0338106
211,Vorinostat,gemcitabine,HT29,C0338106
212,Vorinostat,Lapatinib,HT29,C0338106
213,Vorinostat,Lapatinib,HT29,C0338106
214,Vorinostat,Lapatinib,HT29,C0338106
215,Vorinostat,Lapatinib,HT29,C0338106
216,Vorinostat,Sorafenib,HT29,C0338106
217,Vorinostat,Sorafenib,HT29,C0338106
218,Vorinostat,Sorafenib,HT29,C0338106
219,Vorinostat,Sorafenib,HT29,C0338106
220,Vorinostat,Sunitinib,HT29,C0338106
221,Vorinostat,Sunitinib,HT29,C0338106
222,Vorinostat,Sunitinib,HT29,C0338106
223,Vorinostat,Sunitinib,HT29,C0338106
224,Dasatinib,Sorafenib,LNCAP,C0600139
225,Dasatinib,Sorafenib,LNCAP,C0600139
226,Dasatinib,Sorafenib,LNCAP,C0600139
227,Dasatinib,Sorafenib,LNCAP,C0600139
228,Lapatinib,Dasatinib,LNCAP,C0600139
229,Lapatinib,Dasatinib,LNCAP,C0600139
230,Lapatinib,Dasatinib,LNCAP,C0600139
231,Lapatinib,Dasatinib,LNCAP,C0600139
232,Lapatinib,Sorafenib,LNCAP,C0600139
233,Lapatinib,Sorafenib,LNCAP,C0600139
234,Lapatinib,Sorafenib,LNCAP,C0600139
235,Lapatinib,Sorafenib,LNCAP,C0600139
236,hydroxyurea,Nilotinib,HT29,C0338106
237,Romidepsin,Ixabepilone,MCF7,C1134719
238,anastrozole,Vorinostat,MCF7,C1134719
239,Vorinostat,Lapatinib,MCF7,C1134719
240,Pralatrexate,6-Mercaptopurine,HT29,C0338106
241,Vorinostat,Sorafenib,MCF7,C1134719
242,raloxifene,hydroxyurea,HT29,C0338106
243,raloxifene,mitoxantrone,HT29,C0338106
244,Lapatinib,6-Mercaptopurine,MCF7,C1134719
245,Sunitinib,Ixabepilone,HT29,C0338106
246,Sorafenib,Pralatrexate,HT29,C0338106
247,IMIQUIMOD,Bortezomib,HT29,C0338106
248,Romidepsin,IMIQUIMOD,MCF7,C1134719
249,anastrozole,Bortezomib,HT29,C0338106
250,Dasatinib,Sorafenib,MCF7,C1134719
251,Imatinib,Ixabepilone,HT29,C0338106
252,Imatinib,Ixabepilone,MCF7,C1134719
253,Nilotinib,Sunitinib,MCF7,C1134719
254,6-Mercaptopurine,Bortezomib,MCF7,C1134719
255,Nilotinib,Sunitinib,A549,C0152013
256,celecoxib,Dasatinib,HT29,C0338106
257,hydroxyurea,Sorafenib,HT29,C0338106
258,Vorinostat,Sorafenib,HT29,C0338106
259,letrozole,IMIQUIMOD,MCF7,C1134719
260,letrozole,IMIQUIMOD,HT29,C0338106
261,Lapatinib,Ixabepilone,MCF7,C1134719
262,raloxifene,6-Mercaptopurine,MCF7,C1134719
263,Imatinib,thalidomide,HT29,C0338106
264,hydroxyurea,Ixabepilone,MCF7,C1134719
265,celecoxib,thalidomide,HT29,C0338106
266,6-Mercaptopurine,allopurinol,HT29,C0338106
267,letrozole,Nilotinib,MCF7,C1134719
268,raloxifene,hydroxyurea,MCF7,C1134719
269,raloxifene,IMIQUIMOD,HT29,C0338106
270,raloxifene,letrozole,HT29,C0338106
271,raloxifene,Vemurafenib,MCF7,C1134719
272,Dasatinib,6-Mercaptopurine,HT29,C0338106
273,letrozole,Vorinostat,HT29,C0338106
274,Sorafenib,6-Mercaptopurine,HT29,C0338106
275,raloxifene,Imatinib,HT29,C0338106
276,Nilotinib,Sunitinib,HT29,C0338106
277,Imatinib,6-Mercaptopurine,HT29,C0338106
278,Dasatinib,thalidomide,HT29,C0338106
279,Nilotinib,anastrozole,MCF7,C1134719
280,Romidepsin,allopurinol,MCF7,C1134719
281,hydroxyurea,thalidomide,MCF7,C1134719
282,Nilotinib,Lapatinib,MCF7,C1134719
283,raloxifene,Sunitinib,HT29,C0338106
284,Romidepsin,Sunitinib,MCF7,C1134719
285,Dasatinib,allopurinol,HT29,C0338106
286,raloxifene,celecoxib,MCF7,C1134719
287,Vorinostat,allopurinol,HT29,C0338106
288,Nilotinib,Pralatrexate,MCF7,C1134719
289,Nilotinib,Ixabepilone,MCF7,C1134719
290,Dasatinib,Sunitinib,MCF7,C1134719
291,Sorafenib,6-Mercaptopurine,MCF7,C1134719
292,Pralatrexate,allopurinol,MCF7,C1134719
293,Vorinostat,Bortezomib,MCF7,C1134719
294,Imatinib,hydroxyurea,MCF7,C1134719
295,Imatinib,Nilotinib,HT29,C0338106
296,raloxifene,Lapatinib,HT29,C0338106
297,Pralatrexate,Ixabepilone,MCF7,C1134719
298,letrozole,Dasatinib,HT29,C0338106
299,Romidepsin,6-Mercaptopurine,MCF7,C1134719
300,allopurinol,thalidomide,HT29,C0338106
301,Pralatrexate,IMIQUIMOD,HT29,C0338106
302,Dasatinib,IMIQUIMOD,HT29,C0338106
303,6-Mercaptopurine,Bortezomib,HT29,C0338106
304,Sunitinib,allopurinol,HT29,C0338106
305,raloxifene,Ruxolitinib,HT29,C0338106
306,Nilotinib,Ixabepilone,HT29,C0338106
307,Imatinib,Lapatinib,A549,C0152013
308,Nilotinib,Dasatinib,A549,C0152013
309,Vorinostat,hydroxyurea,MCF7,C1134719
310,raloxifene,Dasatinib,HT29,C0338106
311,Imatinib,Sunitinib,HT29,C0338106
312,Lapatinib,Pralatrexate,HT29,C0338106
313,anastrozole,Bortezomib,MCF7,C1134719
314,Lapatinib,Sunitinib,MCF7,C1134719
315,anastrozole,Pralatrexate,HT29,C0338106
316,celecoxib,Bortezomib,MCF7,C1134719
317,letrozole,allopurinol,MCF7,C1134719
318,Romidepsin,Lapatinib,HT29,C0338106
319,Sorafenib,thalidomide,HT29,C0338106
320,letrozole,allopurinol,HT29,C0338106
321,Nilotinib,Vorinostat,HT29,C0338106
322,Vorinostat,anastrozole,HT29,C0338106
323,anastrozole,Pralatrexate,MCF7,C1134719
324,letrozole,Bortezomib,HT29,C0338106
325,Lapatinib,Sorafenib,A549,C0152013
326,Dasatinib,hydroxyurea,MCF7,C1134719
327,Sorafenib,Bortezomib,HT29,C0338106
328,Pralatrexate,Ixabepilone,HT29,C0338106
329,Nilotinib,Lapatinib,HT29,C0338106
330,raloxifene,Ruxolitinib,MCF7,C1134719
331,6-Mercaptopurine,Nilotinib,HT29,C0338106
332,Sunitinib,Sorafenib,HT29,C0338106
333,Pralatrexate,thalidomide,MCF7,C1134719
334,5-Fluorouracil,Dasatinib,HT29,C0338106
335,Sunitinib,IMIQUIMOD,MCF7,C1134719
336,Lapatinib,anastrozole,HT29,C0338106
337,Vorinostat,Pralatrexate,HT29,C0338106
338,Vorinostat,Lapatinib,HT29,C0338106
339,Imatinib,Pralatrexate,HT29,C0338106
340,Vorinostat,hydroxyurea,HT29,C0338106
341,allopurinol,Bortezomib,MCF7,C1134719
342,Nilotinib,Vorinostat,A549,C0152013
343,hydroxyurea,Nilotinib,MCF7,C1134719
344,Vorinostat,Bortezomib,HT29,C0338106
345,Imatinib,hydroxyurea,HT29,C0338106
346,Sunitinib,IMIQUIMOD,HT29,C0338106
347,6-Mercaptopurine,thalidomide,MCF7,C1134719
348,raloxifene,6-Mercaptopurine,HT29,C0338106
349,raloxifene,Sorafenib,MCF7,C1134719
350,letrozole,Pralatrexate,HT29,C0338106
351,6-Mercaptopurine,Nilotinib,MCF7,C1134719
352,letrozole,Imatinib,MCF7,C1134719
353,Dasatinib,Sunitinib,HT29,C0338106
354,Vorinostat,6-Mercaptopurine,HT29,C0338106
355,celecoxib,Dasatinib,MCF7,C1134719
356,Vorinostat,Sunitinib,HT29,C0338106
357,Pralatrexate,6-Mercaptopurine,MCF7,C1134719
358,celecoxib,Sunitinib,MCF7,C1134719
359,Nilotinib,Bortezomib,MCF7,C1134719
360,thalidomide,IMIQUIMOD,HT29,C0338106
361,raloxifene,Imatinib,MCF7,C1134719
362,hydroxyurea,Sorafenib,MCF7,C1134719
363,Dasatinib,Pralatrexate,MCF7,C1134719
364,anastrozole,Vorinostat,HT29,C0338106
365,letrozole,Romidepsin,HT29,C0338106
366,raloxifene,allopurinol,MCF7,C1134719
367,letrozole,Vorinostat,MCF7,C1134719
368,Dasatinib,Bortezomib,MCF7,C1134719
369,hydroxyurea,IMIQUIMOD,MCF7,C1134719
370,Imatinib,Romidepsin,HT29,C0338106
371,Romidepsin,Dasatinib,MCF7,C1134719
372,Imatinib,anastrozole,MCF7,C1134719
373,Lapatinib,hydroxyurea,HT29,C0338106
374,mitoxantrone,Dasatinib,MCF7,C1134719
375,Nilotinib,Dasatinib,HT29,C0338106
376,raloxifene,IMIQUIMOD,MCF7,C1134719
377,Dasatinib,Sunitinib,A549,C0152013
378,Romidepsin,Bortezomib,MCF7,C1134719
379,Imatinib,IMIQUIMOD,MCF7,C1134719
380,Sorafenib,thalidomide,MCF7,C1134719
381,Lapatinib,IMIQUIMOD,MCF7,C1134719
382,raloxifene,Pralatrexate,HT29,C0338106
383,celecoxib,Nilotinib,HT29,C0338106
384,celecoxib,Pralatrexate,MCF7,C1134719
385,celecoxib,IMIQUIMOD,MCF7,C1134719
386,Dasatinib,anastrozole,MCF7,C1134719
387,Imatinib,Vorinostat,HT29,C0338106
388,celecoxib,Lapatinib,HT29,C0338106
389,celecoxib,Nilotinib,MCF7,C1134719
390,celecoxib,hydroxyurea,HT29,C0338106
391,Dasatinib,Ixabepilone,HT29,C0338106
392,letrozole,Lapatinib,HT29,C0338106
393,letrozole,celecoxib,MCF7,C1134719
394,Romidepsin,Lapatinib,MCF7,C1134719
395,letrozole,Sorafenib,HT29,C0338106
396,Sorafenib,Bortezomib,MCF7,C1134719
397,Imatinib,allopurinol,MCF7,C1134719
398,celecoxib,allopurinol,MCF7,C1134719
399,Romidepsin,Vorinostat,HT29,C0338106
400,mitoxantrone,Dasatinib,HT29,C0338106
401,Dasatinib,Lapatinib,HT29,C0338106
402,allopurinol,Ixabepilone,MCF7,C1134719
403,Dasatinib,6-Mercaptopurine,MCF7,C1134719
404,raloxifene,Vemurafenib,HT29,C0338106
405,celecoxib,Romidepsin,HT29,C0338106
406,Vorinostat,Dasatinib,A549,C0152013
407,6-Mercaptopurine,IMIQUIMOD,MCF7,C1134719
408,raloxifene,Gefitinib,HT29,C0338106
409,Imatinib,thalidomide,MCF7,C1134719
410,Nilotinib,anastrozole,HT29,C0338106
411,Lenalidomide,Dasatinib,MCF7,C1134719
412,Vorinostat,thalidomide,HT29,C0338106
413,Romidepsin,thalidomide,HT29,C0338106
414,raloxifene,Ixabepilone,HT29,C0338106
415,hydroxyurea,Bortezomib,HT29,C0338106
416,Pralatrexate,IMIQUIMOD,MCF7,C1134719
417,celecoxib,IMIQUIMOD,HT29,C0338106
418,letrozole,Lapatinib,MCF7,C1134719
419,Sunitinib,Sorafenib,A549,C0152013
420,anastrozole,Ixabepilone,MCF7,C1134719
421,letrozole,Sorafenib,MCF7,C1134719
422,anastrozole,6-Mercaptopurine,HT29,C0338106
423,hydroxyurea,allopurinol,MCF7,C1134719
424,raloxifene,Crizotinib,HT29,C0338106
425,Nilotinib,allopurinol,MCF7,C1134719
426,Imatinib,Dasatinib,A549,C0152013
427,Sunitinib,Sorafenib,MCF7,C1134719
428,raloxifene,Vismodegib,MCF7,C1134719
429,celecoxib,Imatinib,HT29,C0338106
430,Sunitinib,anastrozole,MCF7,C1134719
431,celecoxib,Imatinib,MCF7,C1134719
432,Dasatinib,Bortezomib,HT29,C0338106
433,raloxifene,Sorafenib,HT29,C0338106
434,Sunitinib,hydroxyurea,HT29,C0338106
435,Lapatinib,Sorafenib,MCF7,C1134719
436,Nilotinib,Lapatinib,A549,C0152013
437,Romidepsin,Sunitinib,HT29,C0338106
438,Sunitinib,6-Mercaptopurine,MCF7,C1134719
439,anastrozole,IMIQUIMOD,HT29,C0338106
440,Lapatinib,Pralatrexate,MCF7,C1134719
441,raloxifene,celecoxib,HT29,C0338106
442,raloxifene,mitoxantrone,MCF7,C1134719
443,thalidomide,IMIQUIMOD,MCF7,C1134719
444,Dasatinib,Sorafenib,A549,C0152013
445,6-Mercaptopurine,Ixabepilone,HT29,C0338106
446,Dasatinib,thalidomide,MCF7,C1134719
447,Sunitinib,hydroxyurea,MCF7,C1134719
448,Lapatinib,Sunitinib,HT29,C0338106
449,Imatinib,Dasatinib,HT29,C0338106
450,Romidepsin,Bortezomib,HT29,C0338106
451,hydroxyurea,anastrozole,MCF7,C1134719
452,letrozole,hydroxyurea,MCF7,C1134719
453,thalidomide,Ixabepilone,MCF7,C1134719
454,letrozole,Pralatrexate,MCF7,C1134719
455,5-Fluorouracil,Dasatinib,MCF7,C1134719
456,Lapatinib,allopurinol,HT29,C0338106
457,letrozole,6-Mercaptopurine,HT29,C0338106
458,Vorinostat,Pralatrexate,MCF7,C1134719
459,raloxifene,Vorinostat,MCF7,C1134719
460,Romidepsin,Pralatrexate,HT29,C0338106
461,raloxifene,Lenalidomide,MCF7,C1134719
462,Imatinib,Sorafenib,HT29,C0338106
463,Romidepsin,Vorinostat,MCF7,C1134719
464,Sunitinib,Bortezomib,HT29,C0338106
465,Lapatinib,6-Mercaptopurine,HT29,C0338106
466,raloxifene,Vandetanib,MCF7,C1134719
467,Sunitinib,Pralatrexate,HT29,C0338106
468,Imatinib,Vorinostat,A549,C0152013
469,Sorafenib,Ixabepilone,HT29,C0338106
470,Sunitinib,allopurinol,MCF7,C1134719
471,raloxifene,anastrozole,MCF7,C1134719
472,raloxifene,Bortezomib,HT29,C0338106
473,hydroxyurea,anastrozole,HT29,C0338106
474,Lapatinib,Bortezomib,MCF7,C1134719
475,hydroxyurea,IMIQUIMOD,HT29,C0338106
476,raloxifene,Gefitinib,MCF7,C1134719
477,raloxifene,letrozole,MCF7,C1134719
478,Lapatinib,allopurinol,MCF7,C1134719
479,Imatinib,IMIQUIMOD,HT29,C0338106
480,Lapatinib,Ixabepilone,HT29,C0338106
481,Sorafenib,anastrozole,MCF7,C1134719
482,Nilotinib,Pralatrexate,HT29,C0338106
483,Nilotinib,Romidepsin,HT29,C0338106
484,Sorafenib,IMIQUIMOD,HT29,C0338106
485,Nilotinib,IMIQUIMOD,HT29,C0338106
486,anastrozole,IMIQUIMOD,MCF7,C1134719
487,celecoxib,Bortezomib,HT29,C0338106
488,Romidepsin,hydroxyurea,MCF7,C1134719
489,Dasatinib,Pralatrexate,HT29,C0338106
490,Pralatrexate,Bortezomib,HT29,C0338106
491,Imatinib,Sorafenib,A549,C0152013
492,letrozole,hydroxyurea,HT29,C0338106
493,Nilotinib,Dasatinib,MCF7,C1134719
494,Sunitinib,Pralatrexate,MCF7,C1134719
495,Vorinostat,thalidomide,MCF7,C1134719
496,Nilotinib,thalidomide,HT29,C0338106
497,letrozole,Nilotinib,HT29,C0338106
498,Imatinib,Nilotinib,A549,C0152013
499,Lapatinib,IMIQUIMOD,HT29,C0338106
500,Nilotinib,Sorafenib,MCF7,C1134719
501,Pralatrexate,thalidomide,HT29,C0338106
502,celecoxib,6-Mercaptopurine,MCF7,C1134719
503,raloxifene,Ixabepilone,MCF7,C1134719
504,Vorinostat,Ixabepilone,HT29,C0338106
505,allopurinol,thalidomide,MCF7,C1134719
506,Dasatinib,IMIQUIMOD,MCF7,C1134719
507,Sorafenib,allopurinol,MCF7,C1134719
508,Imatinib,allopurinol,HT29,C0338106
509,raloxifene,Sunitinib,MCF7,C1134719
510,raloxifene,Crizotinib,MCF7,C1134719
511,Lapatinib,thalidomide,HT29,C0338106
512,Lapatinib,hydroxyurea,MCF7,C1134719
513,Gefitinib,Dasatinib,A549,C0152013
514,letrozole,anastrozole,MCF7,C1134719
515,Sunitinib,thalidomide,HT29,C0338106
516,Imatinib,Lapatinib,HT29,C0338106
517,6-Mercaptopurine,allopurinol,MCF7,C1134719
518,celecoxib,Sorafenib,MCF7,C1134719
519,Vorinostat,Ixabepilone,MCF7,C1134719
520,anastrozole,allopurinol,HT29,C0338106
521,celecoxib,Sunitinib,HT29,C0338106
522,Vorinostat,IMIQUIMOD,HT29,C0338106
523,letrozole,Ixabepilone,HT29,C0338106
524,raloxifene,anastrozole,HT29,C0338106
525,Ixabepilone,Bortezomib,MCF7,C1134719
526,Gefitinib,Dasatinib,MCF7,C1134719
527,celecoxib,thalidomide,MCF7,C1134719
528,Sorafenib,Ixabepilone,MCF7,C1134719
529,Nilotinib,Sorafenib,HT29,C0338106
530,hydroxyurea,6-Mercaptopurine,MCF7,C1134719
531,celecoxib,Ixabepilone,MCF7,C1134719
532,Imatinib,anastrozole,HT29,C0338106
533,Romidepsin,anastrozole,HT29,C0338106
534,Vorinostat,Sunitinib,A549,C0152013
535,anastrozole,Nilotinib,MCF7,C1134719
536,Romidepsin,IMIQUIMOD,HT29,C0338106
537,thalidomide,Bortezomib,MCF7,C1134719
538,Dasatinib,Sorafenib,HT29,C0338106
539,letrozole,Romidepsin,MCF7,C1134719
540,anastrozole,thalidomide,HT29,C0338106
541,Sorafenib,anastrozole,HT29,C0338106
542,Vorinostat,allopurinol,MCF7,C1134719
543,hydroxyurea,6-Mercaptopurine,HT29,C0338106
544,anastrozole,6-Mercaptopurine,MCF7,C1134719
545,celecoxib,Lapatinib,MCF7,C1134719
546,raloxifene,Nilotinib,MCF7,C1134719
547,raloxifene,Romidepsin,HT29,C0338106
548,raloxifene,Vismodegib,HT29,C0338106
549,Sorafenib,IMIQUIMOD,MCF7,C1134719
550,Vorinostat,Sorafenib,A549,C0152013
551,celecoxib,anastrozole,HT29,C0338106
552,letrozole,6-Mercaptopurine,MCF7,C1134719
553,mitoxantrone,Dasatinib,A549,C0152013
554,Dasatinib,Lapatinib,MCF7,C1134719
555,letrozole,thalidomide,HT29,C0338106
556,celecoxib,allopurinol,HT29,C0338106
557,Romidepsin,Ixabepilone,HT29,C0338106
558,raloxifene,5-Fluorouracil,HT29,C0338106
559,Sorafenib,allopurinol,HT29,C0338106
560,raloxifene,thalidomide,MCF7,C1134719
561,thalidomide,Ixabepilone,HT29,C0338106
562,Ixabepilone,Bortezomib,HT29,C0338106
563,Nilotinib,thalidomide,MCF7,C1134719
564,Vorinostat,Dasatinib,HT29,C0338106
565,anastrozole,Romidepsin,MCF7,C1134719
566,Imatinib,Nilotinib,MCF7,C1134719
567,raloxifene,thalidomide,HT29,C0338106
568,raloxifene,allopurinol,HT29,C0338106
569,Lapatinib,thalidomide,MCF7,C1134719
570,Lapatinib,Sunitinib,A549,C0152013
571,raloxifene,Bortezomib,MCF7,C1134719
572,Lapatinib,anastrozole,MCF7,C1134719
573,Sorafenib,Pralatrexate,MCF7,C1134719
574,Dasatinib,Lapatinib,A549,C0152013
575,Nilotinib,Sorafenib,A549,C0152013
576,Imatinib,Vorinostat,MCF7,C1134719
577,Romidepsin,Sorafenib,HT29,C0338106
578,letrozole,Sunitinib,HT29,C0338106
579,raloxifene,Dasatinib,MCF7,C1134719
580,allopurinol,Ixabepilone,HT29,C0338106
581,anastrozole,allopurinol,MCF7,C1134719
582,Dasatinib,anastrozole,HT29,C0338106
583,Sunitinib,anastrozole,HT29,C0338106
584,Imatinib,Dasatinib,MCF7,C1134719
585,raloxifene,Vandetanib,HT29,C0338106
586,Dasatinib,allopurinol,MCF7,C1134719
587,Nilotinib,allopurinol,HT29,C0338106
588,anastrozole,thalidomide,MCF7,C1134719
589,Dasatinib,Ixabepilone,MCF7,C1134719
590,Imatinib,6-Mercaptopurine,MCF7,C1134719
591,celecoxib,Romidepsin,MCF7,C1134719
592,raloxifene,Nilotinib,HT29,C0338106
593,Imatinib,Bortezomib,HT29,C0338106
594,Gefitinib,Dasatinib,HT29,C0338106
595,letrozole,Ixabepilone,MCF7,C1134719
596,Nilotinib,Romidepsin,MCF7,C1134719
597,Imatinib,Romidepsin,MCF7,C1134719
598,Sunitinib,Ixabepilone,MCF7,C1134719
599,Lapatinib,Sorafenib,HT29,C0338106
600,Vorinostat,IMIQUIMOD,MCF7,C1134719
601,Imatinib,Bortezomib,MCF7,C1134719
602,allopurinol,Bortezomib,HT29,C0338106
603,Vorinostat,6-Mercaptopurine,MCF7,C1134719
604,Vorinostat,anastrozole,MCF7,C1134719
605,Romidepsin,allopurinol,HT29,C0338106
606,anastrozole,Nilotinib,HT29,C0338106
607,raloxifene,Pralatrexate,MCF7,C1134719
608,6-Mercaptopurine,thalidomide,HT29,C0338106
609,Sunitinib,6-Mercaptopurine,HT29,C0338106
610,raloxifene,5-Fluorouracil,MCF7,C1134719
611,Nilotinib,IMIQUIMOD,MCF7,C1134719
612,Vorinostat,Sunitinib,MCF7,C1134719
613,allopurinol,IMIQUIMOD,MCF7,C1134719
614,celecoxib,Vorinostat,HT29,C0338106
615,Nilotinib,Bortezomib,HT29,C0338106
616,celecoxib,Vorinostat,MCF7,C1134719
617,Lenalidomide,Dasatinib,HT29,C0338106
618,letrozole,thalidomide,MCF7,C1134719
619,letrozole,Sunitinib,MCF7,C1134719
620,letrozole,celecoxib,HT29,C0338106
621,hydroxyurea,allopurinol,HT29,C0338106
622,celecoxib,hydroxyurea,MCF7,C1134719
623,hydroxyurea,Pralatrexate,MCF7,C1134719
624,Pralatrexate,allopurinol,HT29,C0338106
625,anastrozole,Ixabepilone,HT29,C0338106
626,Romidepsin,hydroxyurea,HT29,C0338106
627,6-Mercaptopurine,Ixabepilone,MCF7,C1134719
628,hydroxyurea,Bortezomib,MCF7,C1134719
629,Romidepsin,Pralatrexate,MCF7,C1134719
630,raloxifene,Lenalidomide,HT29,C0338106
631,raloxifene,Romidepsin,MCF7,C1134719
632,celecoxib,anastrozole,MCF7,C1134719
633,raloxifene,Lapatinib,MCF7,C1134719
634,Sunitinib,Bortezomib,MCF7,C1134719
635,Imatinib,Pralatrexate,MCF7,C1134719
636,IMIQUIMOD,Ixabepilone,MCF7,C1134719
637,allopurinol,IMIQUIMOD,HT29,C0338106
638,Nilotinib,Vorinostat,MCF7,C1134719
639,Sunitinib,thalidomide,MCF7,C1134719
640,hydroxyurea,Ixabepilone,HT29,C0338106
641,Imatinib,Sunitinib,MCF7,C1134719
642,Romidepsin,anastrozole,MCF7,C1134719
643,letrozole,Dasatinib,MCF7,C1134719
644,celecoxib,Sorafenib,HT29,C0338106
645,letrozole,anastrozole,HT29,C0338106
646,celecoxib,Ixabepilone,HT29,C0338106
647,Imatinib,Lapatinib,MCF7,C1134719
648,celecoxib,6-Mercaptopurine,HT29,C0338106
649,anastrozole,Romidepsin,HT29,C0338106
650,Romidepsin,Dasatinib,HT29,C0338106
651,hydroxyurea,thalidomide,HT29,C0338106
652,Imatinib,Sorafenib,MCF7,C1134719
653,Vorinostat,Dasatinib,MCF7,C1134719
654,Imatinib,Sunitinib,A549,C0152013
655,Lapatinib,Bortezomib,HT29,C0338106
656,Romidepsin,thalidomide,MCF7,C1134719
657,raloxifene,Vorinostat,HT29,C0338106
658,Vorinostat,Lapatinib,A549,C0152013
659,6-Mercaptopurine,IMIQUIMOD,HT29,C0338106
660,Romidepsin,6-Mercaptopurine,HT29,C0338106
661,letrozole,Bortezomib,MCF7,C1134719
662,Pralatrexate,Bortezomib,MCF7,C1134719
663,letrozole,Imatinib,HT29,C0338106
664,Romidepsin,Sorafenib,MCF7,C1134719
665,IMIQUIMOD,Ixabepilone,HT29,C0338106
666,Dasatinib,hydroxyurea,HT29,C0338106
667,IMIQUIMOD,Bortezomib,MCF7,C1134719
668,Vemurafenib,Vandetanib,A549,C0152013
669,Vemurafenib,Vandetanib,HT29,C0338106
670,Vemurafenib,Vandetanib,MCF7,C1134719
671,Vismodegib,Vandetanib,MCF7,C1134719
672,Vismodegib,Vandetanib,HT29,C0338106
673,Crizotinib,Vandetanib,MCF7,C1134719
674,Crizotinib,Vandetanib,A549,C0152013
675,Crizotinib,Vandetanib,HT29,C0338106
676,Ruxolitinib,Vandetanib,MCF7,C1134719
677,Ruxolitinib,Vandetanib,HT29,C0338106
678,Ruxolitinib,Vandetanib,A549,C0152013
679,Gefitinib,Ixabepilone,MCF7,C1134719
680,Gefitinib,Ixabepilone,HT29,C0338106
681,Vandetanib,Ixabepilone,HT29,C0338106
682,Vandetanib,Ixabepilone,MCF7,C1134719
683,Crizotinib,Ixabepilone,MCF7,C1134719
684,Crizotinib,Ixabepilone,HT29,C0338106
685,Vismodegib,Ixabepilone,HT29,C0338106
686,Vismodegib,Ixabepilone,MCF7,C1134719
687,Ruxolitinib,Ixabepilone,MCF7,C1134719
688,Ruxolitinib,Ixabepilone,HT29,C0338106
689,5-Fluorouracil,Bortezomib,MCF7,C1134719
690,5-Fluorouracil,Bortezomib,HT29,C0338106
691,Vemurafenib,Ixabepilone,HT29,C0338106
692,Vemurafenib,Ixabepilone,MCF7,C1134719
693,Lenalidomide,Ixabepilone,MCF7,C1134719
694,Lenalidomide,Ixabepilone,HT29,C0338106
695,Gefitinib,celecoxib,HT29,C0338106
696,Gefitinib,celecoxib,MCF7,C1134719
697,Lenalidomide,celecoxib,HT29,C0338106
698,Lenalidomide,celecoxib,MCF7,C1134719
699,mitoxantrone,IMIQUIMOD,HT29,C0338106
700,mitoxantrone,IMIQUIMOD,MCF7,C1134719
701,Vemurafenib,celecoxib,MCF7,C1134719
702,Vemurafenib,celecoxib,HT29,C0338106
703,Crizotinib,celecoxib,HT29,C0338106
704,Crizotinib,celecoxib,MCF7,C1134719
705,Vismodegib,celecoxib,MCF7,C1134719
706,Vismodegib,celecoxib,HT29,C0338106
707,Vandetanib,celecoxib,MCF7,C1134719
708,Vandetanib,celecoxib,HT29,C0338106
709,Ruxolitinib,celecoxib,HT29,C0338106
710,Ruxolitinib,celecoxib,MCF7,C1134719
711,mitoxantrone,celecoxib,MCF7,C1134719
712,mitoxantrone,celecoxib,HT29,C0338106
713,Gefitinib,Romidepsin,MCF7,C1134719
714,Gefitinib,Romidepsin,HT29,C0338106
715,Vismodegib,Romidepsin,HT29,C0338106
716,Vismodegib,Romidepsin,MCF7,C1134719
717,Crizotinib,Romidepsin,HT29,C0338106
718,Crizotinib,Romidepsin,MCF7,C1134719
719,Vandetanib,Romidepsin,HT29,C0338106
720,Vandetanib,Romidepsin,MCF7,C1134719
721,Ruxolitinib,Romidepsin,MCF7,C1134719
722,Ruxolitinib,Romidepsin,HT29,C0338106
723,5-Fluorouracil,celecoxib,MCF7,C1134719
724,5-Fluorouracil,celecoxib,HT29,C0338106
725,Lenalidomide,Romidepsin,MCF7,C1134719
726,Lenalidomide,Romidepsin,HT29,C0338106
727,Vemurafenib,Romidepsin,HT29,C0338106
728,Vemurafenib,Romidepsin,MCF7,C1134719
729,mitoxantrone,Vemurafenib,A549,C0152013
730,mitoxantrone,Vemurafenib,HT29,C0338106
731,mitoxantrone,Vemurafenib,MCF7,C1134719
732,mitoxantrone,Lapatinib,HT29,C0338106
733,mitoxantrone,Lapatinib,A549,C0152013
734,mitoxantrone,Lapatinib,MCF7,C1134719
735,Gefitinib,mitoxantrone,MCF7,C1134719
736,Gefitinib,mitoxantrone,HT29,C0338106
737,Gefitinib,mitoxantrone,A549,C0152013
738,Vemurafenib,Sorafenib,HT29,C0338106
739,Vemurafenib,Sorafenib,A549,C0152013
740,Vemurafenib,Sorafenib,MCF7,C1134719
741,Lenalidomide,Sorafenib,MCF7,C1134719
742,Lenalidomide,Sorafenib,HT29,C0338106
743,Vandetanib,Sorafenib,HT29,C0338106
744,Vandetanib,Sorafenib,A549,C0152013
745,Vandetanib,Sorafenib,MCF7,C1134719
746,Vismodegib,Sorafenib,HT29,C0338106
747,Vismodegib,Sorafenib,MCF7,C1134719
748,Crizotinib,Sorafenib,MCF7,C1134719
749,Crizotinib,Sorafenib,A549,C0152013
750,Crizotinib,Sorafenib,HT29,C0338106
751,Vandetanib,mitoxantrone,HT29,C0338106
752,Vandetanib,mitoxantrone,A549,C0152013
753,Vandetanib,mitoxantrone,MCF7,C1134719
754,Ruxolitinib,Sorafenib,MCF7,C1134719
755,Ruxolitinib,Sorafenib,HT29,C0338106
756,Ruxolitinib,Sorafenib,A549,C0152013
757,Crizotinib,mitoxantrone,MCF7,C1134719
758,Crizotinib,mitoxantrone,A549,C0152013
759,Crizotinib,mitoxantrone,HT29,C0338106
760,Vismodegib,mitoxantrone,HT29,C0338106
761,Vismodegib,mitoxantrone,MCF7,C1134719
762,Gefitinib,Bortezomib,HT29,C0338106
763,Gefitinib,Bortezomib,MCF7,C1134719
764,Ruxolitinib,mitoxantrone,MCF7,C1134719
765,Ruxolitinib,mitoxantrone,HT29,C0338106
766,Ruxolitinib,mitoxantrone,A549,C0152013
767,Vemurafenib,mitoxantrone,HT29,C0338106
768,Vemurafenib,mitoxantrone,A549,C0152013
769,Vemurafenib,mitoxantrone,MCF7,C1134719
770,Lenalidomide,mitoxantrone,MCF7,C1134719
771,Lenalidomide,mitoxantrone,HT29,C0338106
772,Gefitinib,Sorafenib,MCF7,C1134719
773,Gefitinib,Sorafenib,HT29,C0338106
774,Gefitinib,Sorafenib,A549,C0152013
775,Ruxolitinib,Bortezomib,HT29,C0338106
776,Ruxolitinib,Bortezomib,MCF7,C1134719
777,Crizotinib,Bortezomib,HT29,C0338106
778,Crizotinib,Bortezomib,MCF7,C1134719
779,Vismodegib,Bortezomib,MCF7,C1134719
780,Vismodegib,Bortezomib,HT29,C0338106
781,Vandetanib,Bortezomib,MCF7,C1134719
782,Vandetanib,Bortezomib,HT29,C0338106
783,Lenalidomide,Bortezomib,HT29,C0338106
784,Lenalidomide,Bortezomib,MCF7,C1134719
785,Vemurafenib,Bortezomib,MCF7,C1134719
786,Vemurafenib,Bortezomib,HT29,C0338106
787,5-Fluorouracil,Romidepsin,MCF7,C1134719
788,5-Fluorouracil,Romidepsin,HT29,C0338106
789,5-Fluorouracil,Lapatinib,HT29,C0338106
790,5-Fluorouracil,Lapatinib,MCF7,C1134719
791,Lenalidomide,Crizotinib,HT29,C0338106
792,Lenalidomide,Crizotinib,MCF7,C1134719
793,Vemurafenib,Crizotinib,MCF7,C1134719
794,Vemurafenib,Crizotinib,A549,C0152013
795,Vemurafenib,Crizotinib,HT29,C0338106
796,Vismodegib,Crizotinib,MCF7,C1134719
797,Vismodegib,Crizotinib,HT29,C0338106
798,Vandetanib,Crizotinib,MCF7,C1134719
799,Vandetanib,Crizotinib,A549,C0152013
800,Vandetanib,Crizotinib,HT29,C0338106
801,Ruxolitinib,Crizotinib,A549,C0152013
802,Ruxolitinib,Crizotinib,HT29,C0338106
803,Ruxolitinib,Crizotinib,MCF7,C1134719
804,Gefitinib,Crizotinib,HT29,C0338106
805,Gefitinib,Crizotinib,A549,C0152013
806,Gefitinib,Crizotinib,MCF7,C1134719
807,mitoxantrone,Romidepsin,HT29,C0338106
808,mitoxantrone,Romidepsin,MCF7,C1134719
809,mitoxantrone,Crizotinib,MCF7,C1134719
810,mitoxantrone,Crizotinib,A549,C0152013
811,mitoxantrone,Crizotinib,HT29,C0338106
812,mitoxantrone,Sorafenib,HT29,C0338106
813,mitoxantrone,Sorafenib,A549,C0152013
814,mitoxantrone,Sorafenib,MCF7,C1134719
815,Vandetanib,Lapatinib,HT29,C0338106
816,Vandetanib,Lapatinib,A549,C0152013
817,Vandetanib,Lapatinib,MCF7,C1134719
818,Vismodegib,Lapatinib,HT29,C0338106
819,Vismodegib,Lapatinib,MCF7,C1134719
820,Crizotinib,Lapatinib,MCF7,C1134719
821,Crizotinib,Lapatinib,A549,C0152013
822,Crizotinib,Lapatinib,HT29,C0338106
823,Ruxolitinib,Lapatinib,MCF7,C1134719
824,Ruxolitinib,Lapatinib,HT29,C0338106
825,Ruxolitinib,Lapatinib,A549,C0152013
826,Vemurafenib,Lapatinib,MCF7,C1134719
827,Vemurafenib,Lapatinib,A549,C0152013
828,Vemurafenib,Lapatinib,HT29,C0338106
829,5-Fluorouracil,6-Mercaptopurine,HT29,C0338106
830,5-Fluorouracil,6-Mercaptopurine,MCF7,C1134719
831,Lenalidomide,Lapatinib,MCF7,C1134719
832,Lenalidomide,Lapatinib,HT29,C0338106
833,Gefitinib,Lapatinib,MCF7,C1134719
834,Gefitinib,Lapatinib,HT29,C0338106
835,Gefitinib,Lapatinib,A549,C0152013
836,mitoxantrone,Imatinib,HT29,C0338106
837,mitoxantrone,Imatinib,A549,C0152013
838,mitoxantrone,Imatinib,MCF7,C1134719
839,5-Fluorouracil,Crizotinib,MCF7,C1134719
840,5-Fluorouracil,Crizotinib,HT29,C0338106
841,5-Fluorouracil,Sorafenib,HT29,C0338106
842,5-Fluorouracil,Sorafenib,MCF7,C1134719
843,mitoxantrone,6-Mercaptopurine,HT29,C0338106
844,mitoxantrone,6-Mercaptopurine,MCF7,C1134719
845,5-Fluorouracil,Imatinib,HT29,C0338106
846,5-Fluorouracil,Imatinib,MCF7,C1134719
847,Gefitinib,6-Mercaptopurine,MCF7,C1134719
848,Gefitinib,6-Mercaptopurine,HT29,C0338106
849,Ruxolitinib,6-Mercaptopurine,MCF7,C1134719
850,Ruxolitinib,6-Mercaptopurine,HT29,C0338106
851,Vandetanib,6-Mercaptopurine,HT29,C0338106
852,Vandetanib,6-Mercaptopurine,MCF7,C1134719
853,Crizotinib,6-Mercaptopurine,MCF7,C1134719
854,Crizotinib,6-Mercaptopurine,HT29,C0338106
855,Vismodegib,6-Mercaptopurine,HT29,C0338106
856,Vismodegib,6-Mercaptopurine,MCF7,C1134719
857,Vemurafenib,6-Mercaptopurine,HT29,C0338106
858,Vemurafenib,6-Mercaptopurine,MCF7,C1134719
859,Lenalidomide,6-Mercaptopurine,MCF7,C1134719
860,Lenalidomide,6-Mercaptopurine,HT29,C0338106
861,Gefitinib,thalidomide,HT29,C0338106
862,Gefitinib,thalidomide,MCF7,C1134719
863,Vismodegib,Ruxolitinib,MCF7,C1134719
864,Vismodegib,Ruxolitinib,HT29,C0338106
865,Crizotinib,Ruxolitinib,A549,C0152013
866,Crizotinib,Ruxolitinib,HT29,C0338106
867,Crizotinib,Ruxolitinib,MCF7,C1134719
868,Vandetanib,Ruxolitinib,MCF7,C1134719
869,Vandetanib,Ruxolitinib,HT29,C0338106
870,Vandetanib,Ruxolitinib,A549,C0152013
871,Vismodegib,Gefitinib,HT29,C0338106
872,Vismodegib,Gefitinib,MCF7,C1134719
873,Crizotinib,Gefitinib,A549,C0152013
874,Crizotinib,Gefitinib,HT29,C0338106
875,Crizotinib,Gefitinib,MCF7,C1134719
876,Vandetanib,Gefitinib,A549,C0152013
877,Vandetanib,Gefitinib,HT29,C0338106
878,Vandetanib,Gefitinib,MCF7,C1134719
879,Ruxolitinib,Gefitinib,MCF7,C1134719
880,Ruxolitinib,Gefitinib,A549,C0152013
881,Ruxolitinib,Gefitinib,HT29,C0338106
882,Vemurafenib,Ruxolitinib,MCF7,C1134719
883,Vemurafenib,Ruxolitinib,HT29,C0338106
884,Vemurafenib,Ruxolitinib,A549,C0152013
885,Gefitinib,Imatinib,MCF7,C1134719
886,Gefitinib,Imatinib,HT29,C0338106
887,Gefitinib,Imatinib,A549,C0152013
888,Lenalidomide,Imatinib,MCF7,C1134719
889,Lenalidomide,Imatinib,HT29,C0338106
890,Lenalidomide,Gefitinib,MCF7,C1134719
891,Lenalidomide,Gefitinib,HT29,C0338106
892,Vemurafenib,Imatinib,MCF7,C1134719
893,Vemurafenib,Imatinib,A549,C0152013
894,Vemurafenib,Imatinib,HT29,C0338106
895,Vismodegib,Imatinib,HT29,C0338106
896,Vismodegib,Imatinib,MCF7,C1134719
897,Vemurafenib,Gefitinib,A549,C0152013
898,Vemurafenib,Gefitinib,HT29,C0338106
899,Vemurafenib,Gefitinib,MCF7,C1134719
900,Crizotinib,Imatinib,MCF7,C1134719
901,Crizotinib,Imatinib,A549,C0152013
902,Crizotinib,Imatinib,HT29,C0338106
903,Vandetanib,Imatinib,HT29,C0338106
904,Vandetanib,Imatinib,A549,C0152013
905,Vandetanib,Imatinib,MCF7,C1134719
906,Ruxolitinib,Imatinib,MCF7,C1134719
907,Ruxolitinib,Imatinib,HT29,C0338106
908,Ruxolitinib,Imatinib,A549,C0152013
909,Lenalidomide,thalidomide,HT29,C0338106
910,Lenalidomide,thalidomide,MCF7,C1134719
911,5-Fluorouracil,Sunitinib,HT29,C0338106
912,5-Fluorouracil,Sunitinib,MCF7,C1134719
913,Vemurafenib,thalidomide,MCF7,C1134719
914,Vemurafenib,thalidomide,HT29,C0338106
915,Ruxolitinib,thalidomide,HT29,C0338106
916,Ruxolitinib,thalidomide,MCF7,C1134719
917,Vemurafenib,Vismodegib,HT29,C0338106
918,Vemurafenib,Vismodegib,MCF7,C1134719
919,Ruxolitinib,Vismodegib,MCF7,C1134719
920,Ruxolitinib,Vismodegib,HT29,C0338106
921,Vandetanib,Vismodegib,MCF7,C1134719
922,Vandetanib,Vismodegib,HT29,C0338106
923,Crizotinib,Vismodegib,MCF7,C1134719
924,Crizotinib,Vismodegib,HT29,C0338106
925,Vismodegib,thalidomide,MCF7,C1134719
926,Vismodegib,thalidomide,HT29,C0338106
927,Crizotinib,thalidomide,MCF7,C1134719
928,Crizotinib,thalidomide,HT29,C0338106
929,Vandetanib,thalidomide,MCF7,C1134719
930,Vandetanib,thalidomide,HT29,C0338106
931,Vemurafenib,Dasatinib,HT29,C0338106
932,Vemurafenib,Dasatinib,A549,C0152013
933,Vemurafenib,Dasatinib,MCF7,C1134719
934,5-Fluorouracil,IMIQUIMOD,MCF7,C1134719
935,5-Fluorouracil,IMIQUIMOD,HT29,C0338106
936,Vismodegib,Dasatinib,HT29,C0338106
937,Vismodegib,Dasatinib,MCF7,C1134719
938,Crizotinib,Dasatinib,MCF7,C1134719
939,Crizotinib,Dasatinib,A549,C0152013
940,Crizotinib,Dasatinib,HT29,C0338106
941,Vandetanib,Dasatinib,HT29,C0338106
942,Vandetanib,Dasatinib,A549,C0152013
943,Vandetanib,Dasatinib,MCF7,C1134719
944,5-Fluorouracil,Vemurafenib,HT29,C0338106
945,5-Fluorouracil,Vemurafenib,MCF7,C1134719
946,Ruxolitinib,Dasatinib,MCF7,C1134719
947,Ruxolitinib,Dasatinib,HT29,C0338106
948,Ruxolitinib,Dasatinib,A549,C0152013
949,mitoxantrone,thalidomide,MCF7,C1134719
950,mitoxantrone,thalidomide,HT29,C0338106
951,Gefitinib,Sunitinib,MCF7,C1134719
952,Gefitinib,Sunitinib,HT29,C0338106
953,Gefitinib,Sunitinib,A549,C0152013
954,Gefitinib,Vemurafenib,MCF7,C1134719
955,Gefitinib,Vemurafenib,A549,C0152013
956,Gefitinib,Vemurafenib,HT29,C0338106
957,Ruxolitinib,Sunitinib,MCF7,C1134719
958,Ruxolitinib,Sunitinib,HT29,C0338106
959,Ruxolitinib,Sunitinib,HT29,C0338106
960,Ruxolitinib,Sunitinib,A549,C0152013
961,Vismodegib,Sunitinib,HT29,C0338106
962,Vismodegib,Sunitinib,MCF7,C1134719
963,Crizotinib,Sunitinib,MCF7,C1134719
964,Crizotinib,Sunitinib,A549,C0152013
965,Crizotinib,Sunitinib,HT29,C0338106
966,Vandetanib,Sunitinib,MCF7,C1134719
967,Vandetanib,Sunitinib,A549,C0152013
968,Vandetanib,Sunitinib,HT29,C0338106
969,Lenalidomide,Sunitinib,MCF7,C1134719
970,Lenalidomide,Sunitinib,HT29,C0338106
971,Vemurafenib,Sunitinib,HT29,C0338106
972,Vemurafenib,Sunitinib,A549,C0152013
973,Vemurafenib,Sunitinib,MCF7,C1134719
974,5-Fluorouracil,Pralatrexate,HT29,C0338106
975,5-Fluorouracil,Pralatrexate,MCF7,C1134719
976,5-Fluorouracil,thalidomide,HT29,C0338106
977,5-Fluorouracil,thalidomide,MCF7,C1134719
978,raloxifene,Vemurafenib,HT29,C0338106
979,raloxifene,Vemurafenib,MCF7,C1134719
980,Lenalidomide,Vemurafenib,MCF7,C1134719
981,Lenalidomide,Vemurafenib,HT29,C0338106
982,mitoxantrone,Pralatrexate,HT29,C0338106
983,mitoxantrone,Pralatrexate,MCF7,C1134719
984,5-Fluorouracil,Nilotinib,MCF7,C1134719
985,5-Fluorouracil,Nilotinib,HT29,C0338106
986,Gefitinib,Pralatrexate,MCF7,C1134719
987,Gefitinib,Pralatrexate,HT29,C0338106
988,Ruxolitinib,Pralatrexate,MCF7,C1134719
989,Ruxolitinib,Pralatrexate,HT29,C0338106
990,Vismodegib,Pralatrexate,HT29,C0338106
991,Vismodegib,Pralatrexate,MCF7,C1134719
992,Crizotinib,Pralatrexate,MCF7,C1134719
993,Crizotinib,Pralatrexate,HT29,C0338106
994,Vandetanib,Pralatrexate,HT29,C0338106
995,Vandetanib,Pralatrexate,MCF7,C1134719
996,Lenalidomide,Pralatrexate,MCF7,C1134719
997,Lenalidomide,Pralatrexate,HT29,C0338106
998,Vemurafenib,Pralatrexate,MCF7,C1134719
999,Vemurafenib,Pralatrexate,HT29,C0338106
1000,Gefitinib,allopurinol,HT29,C0338106
1001,Gefitinib,allopurinol,MCF7,C1134719
1002,Vandetanib,allopurinol,MCF7,C1134719
1003,Vandetanib,allopurinol,HT29,C0338106
1004,Vismodegib,allopurinol,HT29,C0338106
1005,Vismodegib,allopurinol,MCF7,C1134719
1006,Crizotinib,allopurinol,HT29,C0338106
1007,Crizotinib,allopurinol,MCF7,C1134719
1008,mitoxantrone,Nilotinib,A549,C0152013
1009,mitoxantrone,Nilotinib,HT29,C0338106
1010,mitoxantrone,Nilotinib,MCF7,C1134719
1011,Ruxolitinib,allopurinol,HT29,C0338106
1012,Ruxolitinib,allopurinol,MCF7,C1134719
1013,Vemurafenib,Vemurafenib,MCF7,C1134719
1014,Vemurafenib,Vemurafenib,A549,C0152013
1015,Vemurafenib,Vemurafenib,HT29,C0338106
1016,Vemurafenib,allopurinol,MCF7,C1134719
1017,Vemurafenib,allopurinol,HT29,C0338106
1018,Lenalidomide,allopurinol,HT29,C0338106
1019,Lenalidomide,allopurinol,MCF7,C1134719
1020,Ruxolitinib,Vemurafenib,A549,C0152013
1021,Ruxolitinib,Vemurafenib,HT29,C0338106
1022,Ruxolitinib,Vemurafenib,MCF7,C1134719
1023,Vandetanib,Vemurafenib,MCF7,C1134719
1024,Vandetanib,Vemurafenib,A549,C0152013
1025,Vandetanib,Vemurafenib,HT29,C0338106
1026,Vismodegib,Vemurafenib,MCF7,C1134719
1027,Vismodegib,Vemurafenib,HT29,C0338106
1028,Crizotinib,Vemurafenib,A549,C0152013
1029,Crizotinib,Vemurafenib,HT29,C0338106
1030,Crizotinib,Vemurafenib,MCF7,C1134719
1031,Ruxolitinib,letrozole,HT29,C0338106
1032,Ruxolitinib,letrozole,MCF7,C1134719
1033,Vandetanib,letrozole,HT29,C0338106
1034,Vandetanib,letrozole,MCF7,C1134719
1035,Vismodegib,letrozole,HT29,C0338106
1036,Vismodegib,letrozole,MCF7,C1134719
1037,Crizotinib,letrozole,MCF7,C1134719
1038,Crizotinib,letrozole,HT29,C0338106
1039,Vemurafenib,letrozole,HT29,C0338106
1040,Vemurafenib,letrozole,MCF7,C1134719
1041,Lenalidomide,letrozole,MCF7,C1134719
1042,Lenalidomide,letrozole,HT29,C0338106
1043,Gefitinib,letrozole,MCF7,C1134719
1044,Gefitinib,letrozole,HT29,C0338106
1045,5-Fluorouracil,allopurinol,MCF7,C1134719
1046,5-Fluorouracil,allopurinol,HT29,C0338106
1047,Gefitinib,Nilotinib,MCF7,C1134719
1048,Gefitinib,Nilotinib,A549,C0152013
1049,Gefitinib,Nilotinib,HT29,C0338106
1050,Vemurafenib,Nilotinib,A549,C0152013
1051,Vemurafenib,Nilotinib,HT29,C0338106
1052,Vemurafenib,Nilotinib,MCF7,C1134719
1053,Lenalidomide,Nilotinib,MCF7,C1134719
1054,Lenalidomide,Nilotinib,HT29,C0338106
1055,5-Fluorouracil,hydroxyurea,HT29,C0338106
1056,5-Fluorouracil,hydroxyurea,MCF7,C1134719
1057,Ruxolitinib,Nilotinib,MCF7,C1134719
1058,Ruxolitinib,Nilotinib,A549,C0152013
1059,Ruxolitinib,Nilotinib,HT29,C0338106
1060,Vandetanib,Nilotinib,A549,C0152013
1061,Vandetanib,Nilotinib,HT29,C0338106
1062,Vandetanib,Nilotinib,MCF7,C1134719
1063,Crizotinib,Nilotinib,A549,C0152013
1064,Crizotinib,Nilotinib,HT29,C0338106
1065,Crizotinib,Nilotinib,MCF7,C1134719
1066,Vismodegib,Nilotinib,HT29,C0338106
1067,Vismodegib,Nilotinib,MCF7,C1134719
1068,mitoxantrone,allopurinol,MCF7,C1134719
1069,mitoxantrone,allopurinol,HT29,C0338106
1070,mitoxantrone,letrozole,HT29,C0338106
1071,mitoxantrone,letrozole,MCF7,C1134719
1072,mitoxantrone,hydroxyurea,HT29,C0338106
1073,mitoxantrone,hydroxyurea,MCF7,C1134719
1074,Lenalidomide,hydroxyurea,MCF7,C1134719
1075,Lenalidomide,hydroxyurea,HT29,C0338106
1076,Vemurafenib,hydroxyurea,HT29,C0338106
1077,Vemurafenib,hydroxyurea,MCF7,C1134719
1078,Vismodegib,hydroxyurea,HT29,C0338106
1079,Vismodegib,hydroxyurea,MCF7,C1134719
1080,Crizotinib,hydroxyurea,MCF7,C1134719
1081,Crizotinib,hydroxyurea,HT29,C0338106
1082,Vandetanib,hydroxyurea,HT29,C0338106
1083,Vandetanib,hydroxyurea,MCF7,C1134719
1084,Ruxolitinib,hydroxyurea,HT29,C0338106
1085,Ruxolitinib,hydroxyurea,MCF7,C1134719
1086,Gefitinib,hydroxyurea,MCF7,C1134719
1087,Gefitinib,hydroxyurea,HT29,C0338106
1088,5-Fluorouracil,letrozole,HT29,C0338106
1089,5-Fluorouracil,letrozole,MCF7,C1134719
1090,5-Fluorouracil,Vorinostat,HT29,C0338106
1091,5-Fluorouracil,Vorinostat,MCF7,C1134719
1092,Gefitinib,anastrozole,MCF7,C1134719
1093,Gefitinib,anastrozole,HT29,C0338106
1094,mitoxantrone,Vorinostat,MCF7,C1134719
1095,mitoxantrone,Vorinostat,A549,C0152013
1096,mitoxantrone,Vorinostat,HT29,C0338106
1097,Ruxolitinib,anastrozole,MCF7,C1134719
1098,Ruxolitinib,anastrozole,HT29,C0338106
1099,Vandetanib,anastrozole,HT29,C0338106
1100,Vandetanib,anastrozole,MCF7,C1134719
1101,Crizotinib,anastrozole,MCF7,C1134719
1102,Crizotinib,anastrozole,HT29,C0338106
1103,Vismodegib,anastrozole,HT29,C0338106
1104,Vismodegib,anastrozole,MCF7,C1134719
1105,Vemurafenib,anastrozole,HT29,C0338106
1106,Vemurafenib,anastrozole,MCF7,C1134719
1107,Lenalidomide,anastrozole,MCF7,C1134719
1108,Lenalidomide,anastrozole,HT29,C0338106
1109,Vemurafenib,raloxifene,MCF7,C1134719
1110,Vemurafenib,raloxifene,HT29,C0338106
1111,Gefitinib,Vorinostat,MCF7,C1134719
1112,Gefitinib,Vorinostat,HT29,C0338106
1113,Gefitinib,Vorinostat,A549,C0152013
1114,Vandetanib,raloxifene,HT29,C0338106
1115,Vandetanib,raloxifene,MCF7,C1134719
1116,Vismodegib,raloxifene,HT29,C0338106
1117,Vismodegib,raloxifene,MCF7,C1134719
1118,Crizotinib,raloxifene,MCF7,C1134719
1119,Crizotinib,raloxifene,HT29,C0338106
1120,Ruxolitinib,raloxifene,MCF7,C1134719
1121,Ruxolitinib,raloxifene,HT29,C0338106
1122,Lenalidomide,Vorinostat,MCF7,C1134719
1123,Lenalidomide,Vorinostat,HT29,C0338106
1124,Vemurafenib,Vorinostat,HT29,C0338106
1125,Vemurafenib,Vorinostat,A549,C0152013
1126,Vemurafenib,Vorinostat,MCF7,C1134719
1127,Ruxolitinib,Vorinostat,MCF7,C1134719
1128,Ruxolitinib,Vorinostat,HT29,C0338106
1129,Ruxolitinib,Vorinostat,A549,C0152013
1130,Vismodegib,Vorinostat,HT29,C0338106
1131,Vismodegib,Vorinostat,MCF7,C1134719
1132,Crizotinib,Vorinostat,MCF7,C1134719
1133,Crizotinib,Vorinostat,A549,C0152013
1134,Crizotinib,Vorinostat,HT29,C0338106
1135,Vandetanib,Vorinostat,HT29,C0338106
1136,Vandetanib,Vorinostat,A549,C0152013
1137,Vandetanib,Vorinostat,MCF7,C1134719
1138,Gefitinib,IMIQUIMOD,HT29,C0338106
1139,Gefitinib,IMIQUIMOD,MCF7,C1134719
1140,mitoxantrone,anastrozole,HT29,C0338106
1141,mitoxantrone,anastrozole,MCF7,C1134719
1142,Vemurafenib,IMIQUIMOD,MCF7,C1134719
1143,Vemurafenib,IMIQUIMOD,HT29,C0338106
1144,5-Fluorouracil,Ixabepilone,HT29,C0338106
1145,5-Fluorouracil,Ixabepilone,MCF7,C1134719
1146,mitoxantrone,Sunitinib,HT29,C0338106
1147,mitoxantrone,Sunitinib,A549,C0152013
1148,mitoxantrone,Sunitinib,MCF7,C1134719
1149,Lenalidomide,IMIQUIMOD,HT29,C0338106
1150,Lenalidomide,IMIQUIMOD,MCF7,C1134719
1151,mitoxantrone,5-Fluorouracil,HT29,C0338106
1152,mitoxantrone,5-Fluorouracil,MCF7,C1134719
1153,5-Fluorouracil,anastrozole,HT29,C0338106
1154,5-Fluorouracil,anastrozole,MCF7,C1134719
1155,Ruxolitinib,IMIQUIMOD,HT29,C0338106
1156,Ruxolitinib,IMIQUIMOD,MCF7,C1134719
1157,Vandetanib,Lenalidomide,HT29,C0338106
1158,Vandetanib,Lenalidomide,MCF7,C1134719
1159,Vismodegib,Lenalidomide,HT29,C0338106
1160,Vismodegib,Lenalidomide,MCF7,C1134719
1161,Crizotinib,Lenalidomide,MCF7,C1134719
1162,Crizotinib,Lenalidomide,HT29,C0338106
1163,Ruxolitinib,Lenalidomide,MCF7,C1134719
1164,Ruxolitinib,Lenalidomide,HT29,C0338106
1165,Vandetanib,IMIQUIMOD,MCF7,C1134719
1166,Vandetanib,IMIQUIMOD,HT29,C0338106
1167,Vemurafenib,Lenalidomide,HT29,C0338106
1168,Vemurafenib,Lenalidomide,MCF7,C1134719
1169,mitoxantrone,Ixabepilone,HT29,C0338106
1170,mitoxantrone,Ixabepilone,MCF7,C1134719
1171,Vismodegib,IMIQUIMOD,MCF7,C1134719
1172,Vismodegib,IMIQUIMOD,HT29,C0338106
1173,Crizotinib,IMIQUIMOD,HT29,C0338106
1174,Crizotinib,IMIQUIMOD,MCF7,C1134719
1175,Lenalidomide,5-Fluorouracil,MCF7,C1134719
1176,Lenalidomide,5-Fluorouracil,HT29,C0338106
1177,Vemurafenib,5-Fluorouracil,HT29,C0338106
1178,Vemurafenib,5-Fluorouracil,MCF7,C1134719
1179,Ruxolitinib,5-Fluorouracil,MCF7,C1134719
1180,Ruxolitinib,5-Fluorouracil,HT29,C0338106
1181,Vismodegib,5-Fluorouracil,HT29,C0338106
1182,Vismodegib,5-Fluorouracil,MCF7,C1134719
1183,Crizotinib,5-Fluorouracil,MCF7,C1134719
1184,Crizotinib,5-Fluorouracil,HT29,C0338106
1185,Vandetanib,5-Fluorouracil,HT29,C0338106
1186,Vandetanib,5-Fluorouracil,MCF7,C1134719
1187,mitoxantrone,Bortezomib,MCF7,C1134719
1188,mitoxantrone,Bortezomib,HT29,C0338106
1189,Gefitinib,5-Fluorouracil,MCF7,C1134719
1190,Gefitinib,5-Fluorouracil,HT29,C0338106
